{"last_tab":"1","favicon":{"url":"https:\/\/validthemes.tech\/themeforest\/wp\/dustra\/wp-content\/uploads\/2022\/01\/favicon.png","id":"1090","height":"32","width":"32","thumbnail":"https:\/\/validthemes.tech\/themeforest\/wp\/dustra\/wp-content\/uploads\/2022\/01\/favicon.png"},"breadcumb_position":"1","breadcumb_bg":{"url":"https:\/\/validthemes.tech\/themeforest\/wp\/dustra\/wp-content\/uploads\/2021\/12\/17.jpg","id":"960","height":"924","width":"1920","thumbnail":"https:\/\/validthemes.tech\/themeforest\/wp\/dustra\/wp-content\/uploads\/2021\/12\/17-150x150.jpg"},"topbar_logo":{"url":"https:\/\/validthemes.tech\/themeforest\/wp\/dustra\/wp-content\/uploads\/2022\/01\/logo-light.svg","id":"1092","height":"180","width":"500","thumbnail":"https:\/\/validthemes.tech\/themeforest\/wp\/dustra\/wp-content\/uploads\/2022\/01\/logo-light.svg"},"fb_url":"https:\/\/www.facebook.com","twitter_url":"https:\/\/twitter.com","pinterest_url":"https:\/\/www.pinterest.com","linkdin_url":"https:\/\/www.linkedin.com","dribbble_url":"","behance_url":"","youtube_url":"","address":"California, TX 70240","email":"Info@gmail.com","phone":"+123 456 7890","upload_logo_light":{"url":"https:\/\/validthemes.tech\/themeforest\/wp\/dustra\/wp-content\/uploads\/2022\/02\/logo.svg","id":"1403","height":"188","width":"500","thumbnail":"https:\/\/validthemes.tech\/themeforest\/wp\/dustra\/wp-content\/uploads\/2022\/02\/logo.svg"},"upload_logo_dark":{"url":"https:\/\/validthemes.tech\/themeforest\/wp\/dustra\/wp-content\/uploads\/2022\/01\/logo-light.svg","id":"1092","height":"180","width":"500","thumbnail":"https:\/\/validthemes.tech\/themeforest\/wp\/dustra\/wp-content\/uploads\/2022\/01\/logo-light.svg"},"upload_logo_yellow":{"url":"https:\/\/validthemes.tech\/themeforest\/wp\/dustra\/wp-content\/uploads\/2022\/01\/logo-yellow.svg","id":"1093","height":"240","width":"666","thumbnail":"https:\/\/validthemes.tech\/themeforest\/wp\/dustra\/wp-content\/uploads\/2022\/01\/logo-yellow.svg"},"upload_logo_squre":{"url":"https:\/\/validthemes.tech\/themeforest\/wp\/dustra\/wp-content\/uploads\/2022\/02\/logo-icon.png","id":"1281","height":"240","width":"224","thumbnail":"https:\/\/validthemes.tech\/themeforest\/wp\/dustra\/wp-content\/uploads\/2022\/02\/logo-icon-150x150.png"},"upload_logo_eight":{"url":"https:\/\/validthemes.tech\/themeforest\/wp\/dustra\/wp-content\/uploads\/2022\/04\/logo-it.png","id":"1635","height":"60","width":"167","thumbnail":"https:\/\/validthemes.tech\/themeforest\/wp\/dustra\/wp-content\/uploads\/2022\/04\/logo-it-150x60.png"},"upload_logo_nine":{"url":"https:\/\/validthemes.tech\/themeforest\/wp\/dustra\/wp-content\/uploads\/2022\/07\/logo-solar.png","id":"1707","height":"60","width":"167","thumbnail":"https:\/\/validthemes.tech\/themeforest\/wp\/dustra\/wp-content\/uploads\/2022\/07\/logo-solar-150x60.png"},"header_eight_btn_text":"Meet With Us","header_eight_btn_link":"#","header_contact_text":"Call Us Anytime","header_contact_number":"+886 34467","header_quote_button_text":"Request a quote ","header_quote_button_link":"#","header_search_button":"1","header_logo_bc_color":"#FF5E14","sidemenu_position":"1","sb_logo":{"url":"https:\/\/validthemes.tech\/themeforest\/wp\/dustra\/wp-content\/uploads\/2021\/11\/logo-1.png","id":"825","height":"60","width":"167","thumbnail":"https:\/\/validthemes.tech\/themeforest\/wp\/dustra\/wp-content\/uploads\/2021\/11\/logo-1-150x60.png"},"sb_content":"Arrived compass prepare an on as. Reasonable particular on my it in sympathize. Size now easy eat hand how. Unwilling he departure elsewhere dejection at. Heart large seems may purse means few blind.","sb_field_one_text":"ADDRESS ","sb_field_one_value":"California, TX 70240","sb_field_two_text":"EMAIL","sb_field_two_value":"support@validtheme.com","sb_field_three_text":"CONTACT","sb_field_three_value":"+44-20-7328-4499","sb_subscribe_text":"Get Subscribed!","sb_subscribe_sc":"[mc4wp_form id=\"1317\"]","sb_fb_url":"www.facebook.com","sb_twitter_url":"www.twitter.com","sb_pinterest_url":"www.pinterest.com","sb_linkdin_url":"www.linkedin.com","sb_dribbble_url":"","sb_behance_url":"","sb_youtube_url":"","blog_sidebar":"2","blog_topbar_position":"0","header_style":"2","color_style":"2","content_length":"50","blog_readmore":"","404_back":"404","404_title":"Oops! That page can\u2019t be found.","404_description":"The page you are looking for might have been removed had its name changed or its temporarily unavailable.","team_slug":"team","service_slug":"service","gallery_slug":"portfolio","fotter_bg":{"url":"","id":"","height":"","width":"","thumbnail":""},"footer_copyright":"\u00a9 2022 Dustra Agency.","main_color_dustra":"1","colorcode":"#FA6943","sec_colorcode":"#00235A","topbar_colorcode":"#00235A","footer_colorcode":"#00235A","redux-backup":1}